url_path,views_total,views_unique
/Sa3d-99/runpod_noVNC_isaac_sim,58,29
/Sa3d-99/runpod_noVNC_isaac_sim/graphs/traffic,7,1
/Sa3d-99/runpod_noVNC_isaac_sim/pulse,7,1
/Sa3d-99/runpod_noVNC_isaac_sim/issues,4,2
/Sa3d-99/runpod_noVNC_isaac_sim/deployments/github-pages,4,1
/Sa3d-99/runpod_noVNC_isaac_sim/blob/main/install.sh,3,2
/Sa3d-99/runpod_noVNC_isaac_sim/blob/main/README.md,2,2
/Sa3d-99/runpod_noVNC_isaac_sim/blob/main/bootstrap.sh,2,1
/Sa3d-99/runpod_noVNC_isaac_sim/commits,2,1
/Sa3d-99/runpod_noVNC_isaac_sim/blob/main/novnc.sh,1,1
